Squad,MP,W,D,L,GF,GA,GD,Pts,Pts/MP,sezoni,Sh,SoT,SoT%,Sh/90,SoT/90,G/Sh,G/SoT,GA90,SoTA,Saves,Save%,CS,CS%,PKA,PKsv,PKm,Age,Poss,Ast,PKatt,CrdY,CrdR
Barcelona,38,25,9,4,73,29,44,84,2.21,2004-2005,,,,,,,,,,,,,,,,,,,,,,
Real Madrid,38,25,5,8,71,32,39,80,2.11,2004-2005,,,,,,,,,,,,,,,,,,,,,,
Villarreal,38,18,11,9,69,37,32,65,1.71,2004-2005,,,,,,,,,,,,,,,,,,,,,,
Real Betis,38,16,14,8,62,50,12,62,1.63,2004-2005,,,,,,,,,,,,,,,,,,,,,,
Espanyol,38,17,10,11,54,46,8,61,1.61,2004-2005,,,,,,,,,,,,,,,,,,,,,,
Sevilla,38,17,9,12,44,41,3,60,1.58,2004-2005,,,,,,,,,,,,,,,,,,,,,,
Valencia,38,14,16,8,54,39,15,58,1.53,2004-2005,,,,,,,,,,,,,,,,,,,,,,
Athletic Club,38,14,9,15,59,54,5,51,1.34,2004-2005,,,,,,,,,,,,,,,,,,,,,,
Deportivo La Coruna,38,12,15,11,46,50,-4,51,1.34,2004-2005,,,,,,,,,,,,,,,,,,,,,,
Malaga,38,15,6,17,40,48,-8,51,1.34,2004-2005,,,,,,,,,,,,,,,,,,,,,,
Atletico Madrid,38,13,11,14,40,34,6,50,1.32,2004-2005,,,,,,,,,,,,,,,,,,,,,,
Zaragoza,38,14,8,16,52,57,-5,50,1.32,2004-2005,,,,,,,,,,,,,,,,,,,,,,
Getafe,38,12,11,15,38,46,-8,47,1.24,2004-2005,,,,,,,,,,,,,,,,,,,,,,
Real Sociedad,38,13,8,17,47,56,-9,47,1.24,2004-2005,,,,,,,,,,,,,,,,,,,,,,
Osasuna,38,12,10,16,46,65,-19,46,1.21,2004-2005,,,,,,,,,,,,,,,,,,,,,,
Racing Santander,38,12,8,18,41,58,-17,44,1.16,2004-2005,,,,,,,,,,,,,,,,,,,,,,
Mallorca,38,10,9,19,42,63,-21,39,1.03,2004-2005,,,,,,,,,,,,,,,,,,,,,,
Levante,38,9,10,19,39,58,-19,37,0.97,2004-2005,,,,,,,,,,,,,,,,,,,,,,
Numancia,38,6,11,21,30,61,-31,29,0.76,2004-2005,,,,,,,,,,,,,,,,,,,,,,
Albacete,38,6,10,22,33,56,-23,28,0.74,2004-2005,,,,,,,,,,,,,,,,,,,,,,
Barcelona,38,25,7,6,80,35,45,82,2.16,2005-2006,,,,,,,,,,,,,,,,,,,,,,
Real Madrid,38,20,10,8,70,40,30,70,1.84,2005-2006,,,,,,,,,,,,,,,,,,,,,,
Valencia,38,19,12,7,58,33,25,69,1.82,2005-2006,,,,,,,,,,,,,,,,,,,,,,
Osasuna,38,21,5,12,49,43,6,68,1.79,2005-2006,,,,,,,,,,,,,,,,,,,,,,
Sevilla,38,20,8,10,54,39,15,68,1.79,2005-2006,,,,,,,,,,,,,,,,,,,,,,
Celta Vigo,38,20,4,14,45,33,12,64,1.68,2005-2006,,,,,,,,,,,,,,,,,,,,,,
Villarreal,38,14,15,9,50,39,11,57,1.5,2005-2006,,,,,,,,,,,,,,,,,,,,,,
Deportivo La Coruna,38,15,10,13,47,45,2,55,1.45,2005-2006,,,,,,,,,,,,,,,,,,,,,,
Getafe,38,15,9,14,54,49,5,54,1.42,2005-2006,,,,,,,,,,,,,,,,,,,,,,
Atletico Madrid,38,13,13,12,45,37,8,52,1.37,2005-2006,,,,,,,,,,,,,,,,,,,,,,
Zaragoza,38,10,16,12,46,51,-5,46,1.21,2005-2006,,,,,,,,,,,,,,,,,,,,,,
Athletic Club,38,11,12,15,40,46,-6,45,1.18,2005-2006,,,,,,,,,,,,,,,,,,,,,,
Mallorca,38,10,13,15,37,51,-14,43,1.13,2005-2006,,,,,,,,,,,,,,,,,,,,,,
Real Betis,38,10,12,16,34,51,-17,42,1.11,2005-2006,,,,,,,,,,,,,,,,,,,,,,
Espanyol,38,10,11,17,36,56,-20,41,1.08,2005-2006,,,,,,,,,,,,,,,,,,,,,,
Real Sociedad,38,11,7,20,48,65,-17,40,1.05,2005-2006,,,,,,,,,,,,,,,,,,,,,,
Racing Santander,38,9,13,16,36,49,-13,40,1.05,2005-2006,,,,,,,,,,,,,,,,,,,,,,
Alaves,38,9,12,17,35,54,-19,39,1.03,2005-2006,,,,,,,,,,,,,,,,,,,,,,
Cadiz,38,8,12,18,36,52,-16,36,0.95,2005-2006,,,,,,,,,,,,,,,,,,,,,,
Malaga,38,5,9,24,36,68,-32,24,0.63,2005-2006,,,,,,,,,,,,,,,,,,,,,,
Real Madrid,38,23,7,8,66,40,26,76,2.0,2006-2007,,,,,,,,,,,,,,,,,,,,,,
Barcelona,38,22,10,6,78,33,45,76,2.0,2006-2007,,,,,,,,,,,,,,,,,,,,,,
Sevilla,38,21,8,9,64,35,29,71,1.87,2006-2007,,,,,,,,,,,,,,,,,,,,,,
Valencia,38,20,6,12,57,42,15,66,1.74,2006-2007,,,,,,,,,,,,,,,,,,,,,,
Villarreal,38,18,8,12,48,44,4,62,1.63,2006-2007,,,,,,,,,,,,,,,,,,,,,,
Zaragoza,38,16,12,10,55,43,12,60,1.58,2006-2007,,,,,,,,,,,,,,,,,,,,,,
Atletico Madrid,38,17,9,12,46,39,7,60,1.58,2006-2007,,,,,,,,,,,,,,,,,,,,,,
Recreativo,38,15,9,14,54,52,2,54,1.42,2006-2007,,,,,,,,,,,,,,,,,,,,,,
Getafe,38,14,10,14,39,33,6,52,1.37,2006-2007,,,,,,,,,,,,,,,,,,,,,,
Racing Santander,38,12,14,12,42,48,-6,50,1.32,2006-2007,,,,,,,,,,,,,,,,,,,,,,
Espanyol,38,12,13,13,46,53,-7,49,1.29,2006-2007,,,,,,,,,,,,,,,,,,,,,,
Mallorca,38,14,7,17,41,47,-6,49,1.29,2006-2007,,,,,,,,,,,,,,,,,,,,,,
Deportivo La Coruna,38,12,11,15,32,45,-13,47,1.24,2006-2007,,,,,,,,,,,,,,,,,,,,,,
Osasuna,38,13,7,18,51,49,2,46,1.21,2006-2007,,,,,,,,,,,,,,,,,,,,,,
Levante,38,10,12,16,37,53,-16,42,1.11,2006-2007,,,,,,,,,,,,,,,,,,,,,,
Real Betis,38,8,16,14,36,49,-13,40,1.05,2006-2007,,,,,,,,,,,,,,,,,,,,,,
Athletic Club,38,10,10,18,44,62,-18,40,1.05,2006-2007,,,,,,,,,,,,,,,,,,,,,,
Celta Vigo,38,10,9,19,40,59,-19,39,1.03,2006-2007,,,,,,,,,,,,,,,,,,,,,,
Real Sociedad,38,8,11,19,32,47,-15,35,0.92,2006-2007,,,,,,,,,,,,,,,,,,,,,,
Gimnastic,38,7,7,24,34,69,-35,28,0.74,2006-2007,,,,,,,,,,,,,,,,,,,,,,
Real Madrid,38,27,4,7,84,36,48,85,2.24,2007-2008,,,,,,,,,,,,,,,,,,,,,,
Villarreal,38,24,5,9,63,40,23,77,2.03,2007-2008,,,,,,,,,,,,,,,,,,,,,,
Barcelona,38,19,10,9,76,43,33,67,1.76,2007-2008,,,,,,,,,,,,,,,,,,,,,,
Atletico Madrid,38,19,7,12,66,47,19,64,1.68,2007-2008,,,,,,,,,,,,,,,,,,,,,,
Sevilla,38,20,4,14,75,49,26,64,1.68,2007-2008,,,,,,,,,,,,,,,,,,,,,,
Racing Santander,38,17,9,12,42,41,1,60,1.58,2007-2008,,,,,,,,,,,,,,,,,,,,,,
Mallorca,38,15,14,9,69,54,15,59,1.55,2007-2008,,,,,,,,,,,,,,,,,,,,,,
Almeria,38,14,10,14,42,45,-3,52,1.37,2007-2008,,,,,,,,,,,,,,,,,,,,,,
Deportivo La Coruna,38,15,7,16,46,47,-1,52,1.37,2007-2008,,,,,,,,,,,,,,,,,,,,,,
Valencia,38,15,6,17,48,62,-14,51,1.34,2007-2008,,,,,,,,,,,,,,,,,,,,,,
Athletic Club,38,13,11,14,40,43,-3,50,1.32,2007-2008,,,,,,,,,,,,,,,,,,,,,,
Espanyol,38,13,9,16,43,53,-10,48,1.26,2007-2008,,,,,,,,,,,,,,,,,,,,,,
Real Betis,38,12,11,15,45,51,-6,47,1.24,2007-2008,,,,,,,,,,,,,,,,,,,,,,
Getafe,38,12,11,15,44,48,-4,47,1.24,2007-2008,,,,,,,,,,,,,,,,,,,,,,
Valladolid,38,11,12,15,42,57,-15,45,1.18,2007-2008,,,,,,,,,,,,,,,,,,,,,,
Recreativo,38,11,11,16,40,60,-20,44,1.16,2007-2008,,,,,,,,,,,,,,,,,,,,,,
Osasuna,38,12,7,19,37,44,-7,43,1.13,2007-2008,,,,,,,,,,,,,,,,,,,,,,
Zaragoza,38,10,12,16,50,61,-11,42,1.11,2007-2008,,,,,,,,,,,,,,,,,,,,,,
Real Murcia,38,7,9,22,36,65,-29,30,0.79,2007-2008,,,,,,,,,,,,,,,,,,,,,,
Levante,38,7,5,26,33,75,-42,26,0.68,2007-2008,,,,,,,,,,,,,,,,,,,,,,
Barcelona,38,27,6,5,105,35,70,87,2.29,2008-2009,,,,,,,,,,,,,,,,,,,,,,
Real Madrid,38,25,3,10,83,52,31,78,2.05,2008-2009,,,,,,,,,,,,,,,,,,,,,,
Sevilla,38,21,7,10,54,39,15,70,1.84,2008-2009,,,,,,,,,,,,,,,,,,,,,,
Atletico Madrid,38,20,7,11,80,57,23,67,1.76,2008-2009,,,,,,,,,,,,,,,,,,,,,,
Villarreal,38,18,11,9,61,54,7,65,1.71,2008-2009,,,,,,,,,,,,,,,,,,,,,,
Valencia,38,18,8,12,68,54,14,62,1.63,2008-2009,,,,,,,,,,,,,,,,,,,,,,
Deportivo La Coruna,38,16,10,12,48,47,1,58,1.53,2008-2009,,,,,,,,,,,,,,,,,,,,,,
Malaga,38,15,10,13,55,59,-4,55,1.45,2008-2009,,,,,,,,,,,,,,,,,,,,,,
Mallorca,38,14,9,15,53,60,-7,51,1.34,2008-2009,,,,,,,,,,,,,,,,,,,,,,
Espanyol,38,12,11,15,46,49,-3,47,1.24,2008-2009,,,,,,,,,,,,,,,,,,,,,,
Almeria,38,13,7,18,45,61,-16,46,1.21,2008-2009,,,,,,,,,,,,,,,,,,,,,,
Racing Santander,38,12,10,16,49,48,1,46,1.21,2008-2009,,,,,,,,,,,,,,,,,,,,,,
Athletic Club,38,12,8,18,47,62,-15,44,1.16,2008-2009,,,,,,,,,,,,,,,,,,,,,,
Sporting Gijon,38,14,1,23,47,79,-32,43,1.13,2008-2009,,,,,,,,,,,,,,,,,,,,,,
Osasuna,38,10,13,15,41,47,-6,43,1.13,2008-2009,,,,,,,,,,,,,,,,,,,,,,
Valladolid,38,12,7,19,46,58,-12,43,1.13,2008-2009,,,,,,,,,,,,,,,,,,,,,,
Getafe,38,10,12,16,50,56,-6,42,1.11,2008-2009,,,,,,,,,,,,,,,,,,,,,,
Real Betis,38,10,12,16,51,58,-7,42,1.11,2008-2009,,,,,,,,,,,,,,,,,,,,,,
Numancia,38,10,5,23,38,69,-31,35,0.92,2008-2009,,,,,,,,,,,,,,,,,,,,,,
Recreativo,38,8,9,21,34,57,-23,33,0.87,2008-2009,,,,,,,,,,,,,,,,,,,,,,
Barcelona,38,31,6,1,98,24,74,99,2.61,2009-2010,,,,,,,,,,,,,,,,,,,,,,
Real Madrid,38,31,3,4,102,35,67,96,2.53,2009-2010,,,,,,,,,,,,,,,,,,,,,,
Valencia,38,21,8,9,59,40,19,71,1.87,2009-2010,,,,,,,,,,,,,,,,,,,,,,
Sevilla,38,19,6,13,65,49,16,63,1.66,2009-2010,,,,,,,,,,,,,,,,,,,,,,
Mallorca,38,18,8,12,59,44,15,62,1.63,2009-2010,,,,,,,,,,,,,,,,,,,,,,
Getafe,38,17,7,14,58,48,10,58,1.53,2009-2010,,,,,,,,,,,,,,,,,,,,,,
Villarreal,38,16,8,14,58,57,1,56,1.47,2009-2010,,,,,,,,,,,,,,,,,,,,,,
Athletic Club,38,15,9,14,50,53,-3,54,1.42,2009-2010,,,,,,,,,,,,,,,,,,,,,,
Atletico Madrid,38,13,8,17,57,61,-4,47,1.24,2009-2010,,,,,,,,,,,,,,,,,,,,,,
Deportivo La Coruna,38,13,8,17,35,49,-14,47,1.24,2009-2010,,,,,,,,,,,,,,,,,,,,,,
Espanyol,38,11,11,16,29,46,-17,44,1.16,2009-2010,,,,,,,,,,,,,,,,,,,,,,
Osasuna,38,11,10,17,37,46,-9,43,1.13,2009-2010,,,,,,,,,,,,,,,,,,,,,,
Almeria,38,10,12,16,43,55,-12,42,1.11,2009-2010,,,,,,,,,,,,,,,,,,,,,,
Zaragoza,38,10,11,17,46,64,-18,41,1.08,2009-2010,,,,,,,,,,,,,,,,,,,,,,
Sporting Gijon,38,9,13,16,36,51,-15,40,1.05,2009-2010,,,,,,,,,,,,,,,,,,,,,,
Racing Santander,38,9,12,17,42,59,-17,39,1.03,2009-2010,,,,,,,,,,,,,,,,,,,,,,
Malaga,38,7,16,15,42,48,-6,37,0.97,2009-2010,,,,,,,,,,,,,,,,,,,,,,
Valladolid,38,7,15,16,37,62,-25,36,0.95,2009-2010,,,,,,,,,,,,,,,,,,,,,,
Tenerife,38,9,9,20,40,74,-34,36,0.95,2009-2010,,,,,,,,,,,,,,,,,,,,,,
Xerez,38,8,10,20,38,66,-28,34,0.89,2009-2010,,,,,,,,,,,,,,,,,,,,,,
Barcelona,38,30,6,2,95,21,74,96,2.53,2010-2011,,,,,,,,,,,,,,,,,,,,,,
Real Madrid,38,29,5,4,102,33,69,92,2.42,2010-2011,,,,,,,,,,,,,,,,,,,,,,
Valencia,38,21,8,9,64,44,20,71,1.87,2010-2011,,,,,,,,,,,,,,,,,,,,,,
Villarreal,38,18,8,12,54,44,10,62,1.63,2010-2011,,,,,,,,,,,,,,,,,,,,,,
Sevilla,38,17,7,14,62,61,1,58,1.53,2010-2011,,,,,,,,,,,,,,,,,,,,,,
Athletic Club,38,18,4,16,59,55,4,58,1.53,2010-2011,,,,,,,,,,,,,,,,,,,,,,
Atletico Madrid,38,17,7,14,62,53,9,58,1.53,2010-2011,,,,,,,,,,,,,,,,,,,,,,
Espanyol,38,15,4,19,46,55,-9,49,1.29,2010-2011,,,,,,,,,,,,,,,,,,,,,,
Osasuna,38,13,8,17,45,46,-1,47,1.24,2010-2011,,,,,,,,,,,,,,,,,,,,,,
Sporting Gijon,38,11,14,13,35,42,-7,47,1.24,2010-2011,,,,,,,,,,,,,,,,,,,,,,
Malaga,38,13,7,18,54,68,-14,46,1.21,2010-2011,,,,,,,,,,,,,,,,,,,,,,
Racing Santander,38,12,10,16,41,56,-15,46,1.21,2010-2011,,,,,,,,,,,,,,,,,,,,,,
Zaragoza,38,12,9,17,40,53,-13,45,1.18,2010-2011,,,,,,,,,,,,,,,,,,,,,,
Levante,38,12,9,17,41,52,-11,45,1.18,2010-2011,,,,,,,,,,,,,,,,,,,,,,
Real Sociedad,38,14,3,21,49,66,-17,45,1.18,2010-2011,,,,,,,,,,,,,,,,,,,,,,
Getafe,38,12,8,18,49,60,-11,44,1.16,2010-2011,,,,,,,,,,,,,,,,,,,,,,
Mallorca,38,12,8,18,41,56,-15,44,1.16,2010-2011,,,,,,,,,,,,,,,,,,,,,,
Deportivo La Coruna,38,10,13,15,31,47,-16,43,1.13,2010-2011,,,,,,,,,,,,,,,,,,,,,,
Hercules,38,9,8,21,36,60,-24,35,0.92,2010-2011,,,,,,,,,,,,,,,,,,,,,,
Almeria,38,6,12,20,36,70,-34,30,0.79,2010-2011,,,,,,,,,,,,,,,,,,,,,,
Real Madrid,38,32,4,2,121,32,89,100,2.63,2011-2012,,,,,,,,,,,,,,,,,,,,,,
Barcelona,38,28,7,3,114,29,85,91,2.39,2011-2012,,,,,,,,,,,,,,,,,,,,,,
Valencia,38,17,10,11,59,44,15,61,1.61,2011-2012,,,,,,,,,,,,,,,,,,,,,,
Malaga,38,17,7,14,54,53,1,58,1.53,2011-2012,,,,,,,,,,,,,,,,,,,,,,
Atletico Madrid,38,15,11,12,53,46,7,56,1.47,2011-2012,,,,,,,,,,,,,,,,,,,,,,
Levante,38,16,7,15,54,50,4,55,1.45,2011-2012,,,,,,,,,,,,,,,,,,,,,,
Osasuna,38,13,15,10,44,61,-17,54,1.42,2011-2012,,,,,,,,,,,,,,,,,,,,,,
Mallorca,38,14,10,14,42,46,-4,52,1.37,2011-2012,,,,,,,,,,,,,,,,,,,,,,
Sevilla,38,13,11,14,48,47,1,50,1.32,2011-2012,,,,,,,,,,,,,,,,,,,,,,
Athletic Club,38,12,13,13,49,52,-3,49,1.29,2011-2012,,,,,,,,,,,,,,,,,,,,,,
Getafe,38,12,11,15,40,51,-11,47,1.24,2011-2012,,,,,,,,,,,,,,,,,,,,,,
Real Sociedad,38,12,11,15,46,52,-6,47,1.24,2011-2012,,,,,,,,,,,,,,,,,,,,,,
Real Betis,38,13,8,17,47,56,-9,47,1.24,2011-2012,,,,,,,,,,,,,,,,,,,,,,
Espanyol,38,12,10,16,46,56,-10,46,1.21,2011-2012,,,,,,,,,,,,,,,,,,,,,,
Rayo Vallecano,38,13,4,21,53,73,-20,43,1.13,2011-2012,,,,,,,,,,,,,,,,,,,,,,
Zaragoza,38,12,7,19,36,61,-25,43,1.13,2011-2012,,,,,,,,,,,,,,,,,,,,,,
Granada,38,12,6,20,35,56,-21,42,1.11,2011-2012,,,,,,,,,,,,,,,,,,,,,,
Villarreal,38,9,14,15,39,53,-14,41,1.08,2011-2012,,,,,,,,,,,,,,,,,,,,,,
Sporting Gijon,38,10,7,21,42,69,-27,37,0.97,2011-2012,,,,,,,,,,,,,,,,,,,,,,
Racing Santander,38,4,15,19,28,63,-35,27,0.71,2011-2012,,,,,,,,,,,,,,,,,,,,,,
Barcelona,38,32,4,2,115,40,75,100,2.63,2012-2013,,,,,,,,,,,,,,,,,,,,,,
Real Madrid,38,26,7,5,103,42,61,85,2.24,2012-2013,,,,,,,,,,,,,,,,,,,,,,
Atletico Madrid,38,23,7,8,65,31,34,76,2.0,2012-2013,,,,,,,,,,,,,,,,,,,,,,
Real Sociedad,38,18,12,8,70,49,21,66,1.74,2012-2013,,,,,,,,,,,,,,,,,,,,,,
Valencia,38,19,8,11,67,54,13,65,1.71,2012-2013,,,,,,,,,,,,,,,,,,,,,,
Malaga,38,16,9,13,53,50,3,57,1.5,2012-2013,,,,,,,,,,,,,,,,,,,,,,
Real Betis,38,16,8,14,57,56,1,56,1.47,2012-2013,,,,,,,,,,,,,,,,,,,,,,
Rayo Vallecano,38,16,5,17,50,66,-16,53,1.39,2012-2013,,,,,,,,,,,,,,,,,,,,,,
Sevilla,38,14,8,16,58,54,4,50,1.32,2012-2013,,,,,,,,,,,,,,,,,,,,,,
Getafe,38,13,8,17,43,57,-14,47,1.24,2012-2013,,,,,,,,,,,,,,,,,,,,,,
Levante,38,12,10,16,40,57,-17,46,1.21,2012-2013,,,,,,,,,,,,,,,,,,,,,,
Athletic Club,38,12,9,17,44,65,-21,45,1.18,2012-2013,,,,,,,,,,,,,,,,,,,,,,
Espanyol,38,11,11,16,43,52,-9,44,1.16,2012-2013,,,,,,,,,,,,,,,,,,,,,,
Valladolid,38,11,10,17,49,58,-9,43,1.13,2012-2013,,,,,,,,,,,,,,,,,,,,,,
Granada,38,11,9,18,37,54,-17,42,1.11,2012-2013,,,,,,,,,,,,,,,,,,,,,,
Osasuna,38,10,9,19,33,50,-17,39,1.03,2012-2013,,,,,,,,,,,,,,,,,,,,,,
Celta Vigo,38,10,7,21,37,52,-15,37,0.97,2012-2013,,,,,,,,,,,,,,,,,,,,,,
Mallorca,38,9,9,20,43,72,-29,36,0.95,2012-2013,,,,,,,,,,,,,,,,,,,,,,
Deportivo La Coruna,38,8,11,19,47,70,-23,35,0.92,2012-2013,,,,,,,,,,,,,,,,,,,,,,
Zaragoza,38,9,7,22,37,62,-25,34,0.89,2012-2013,,,,,,,,,,,,,,,,,,,,,,
Atletico Madrid,38,28,6,4,77,26,51,90,2.37,2013-2014,,,,,,,,,,,,,,,,,,,,,,
Barcelona,38,27,6,5,100,33,67,87,2.29,2013-2014,,,,,,,,,,,,,,,,,,,,,,
Real Madrid,38,27,6,5,104,38,66,87,2.29,2013-2014,,,,,,,,,,,,,,,,,,,,,,
Athletic Club,38,20,10,8,66,39,27,70,1.84,2013-2014,,,,,,,,,,,,,,,,,,,,,,
Sevilla,38,18,9,11,69,52,17,63,1.66,2013-2014,,,,,,,,,,,,,,,,,,,,,,
Villarreal,38,17,8,13,60,44,16,59,1.55,2013-2014,,,,,,,,,,,,,,,,,,,,,,
Real Sociedad,38,16,11,11,62,55,7,59,1.55,2013-2014,,,,,,,,,,,,,,,,,,,,,,
Valencia,38,13,10,15,51,53,-2,49,1.29,2013-2014,,,,,,,,,,,,,,,,,,,,,,
Celta Vigo,38,14,7,17,49,54,-5,49,1.29,2013-2014,,,,,,,,,,,,,,,,,,,,,,
Levante,38,12,12,14,35,43,-8,48,1.26,2013-2014,,,,,,,,,,,,,,,,,,,,,,
Malaga,38,12,9,17,39,46,-7,45,1.18,2013-2014,,,,,,,,,,,,,,,,,,,,,,
Rayo Vallecano,38,13,4,21,46,80,-34,43,1.13,2013-2014,,,,,,,,,,,,,,,,,,,,,,
Getafe,38,11,9,18,35,54,-19,42,1.11,2013-2014,,,,,,,,,,,,,,,,,,,,,,
Espanyol,38,11,9,18,41,51,-10,42,1.11,2013-2014,,,,,,,,,,,,,,,,,,,,,,
Granada,38,12,5,21,32,56,-24,41,1.08,2013-2014,,,,,,,,,,,,,,,,,,,,,,
Elche,38,9,13,16,30,50,-20,40,1.05,2013-2014,,,,,,,,,,,,,,,,,,,,,,
Almeria,38,11,7,20,43,71,-28,40,1.05,2013-2014,,,,,,,,,,,,,,,,,,,,,,
Osasuna,38,10,9,19,32,62,-30,39,1.03,2013-2014,,,,,,,,,,,,,,,,,,,,,,
Valladolid,38,7,15,16,38,60,-22,36,0.95,2013-2014,,,,,,,,,,,,,,,,,,,,,,
Real Betis,38,6,7,25,36,78,-42,25,0.66,2013-2014,,,,,,,,,,,,,,,,,,,,,,
Barcelona,38,30,4,4,110,21,89,94,2.47,2014-2015,,,,,,,,,,,,,,,,,27.7,65.7,79.0,7.0,69.0,0.0
Real Madrid,38,30,2,6,118,38,80,92,2.42,2014-2015,,,,,,,,,,,,,,,,,26.4,56.2,91.0,13.0,87.0,0.0
Atletico Madrid,38,23,9,6,67,29,38,78,2.05,2014-2015,,,,,,,,,,,,,,,,,27.5,48.6,48.0,6.0,118.0,0.0
Valencia,38,22,11,5,70,32,38,77,2.03,2014-2015,,,,,,,,,,,,,,,,,24.8,50.0,48.0,7.0,112.0,0.0
Sevilla,38,23,7,8,71,45,26,76,2.0,2014-2015,,,,,,,,,,,,,,,,,26.2,50.3,45.0,10.0,118.0,0.0
Villarreal,38,16,12,10,48,37,11,60,1.58,2014-2015,,,,,,,,,,,,,,,,,25.0,48.6,34.0,2.0,96.0,0.0
Athletic Club,38,15,10,13,42,41,1,55,1.45,2014-2015,,,,,,,,,,,,,,,,,26.8,53.2,26.0,5.0,103.0,0.0
Celta Vigo,38,13,12,13,47,44,3,51,1.34,2014-2015,,,,,,,,,,,,,,,,,26.3,55.9,33.0,6.0,120.0,0.0
Malaga,38,14,8,16,42,48,-6,50,1.32,2014-2015,,,,,,,,,,,,,,,,,26.6,49.5,27.0,7.0,112.0,0.0
Espanyol,38,13,10,15,47,51,-4,49,1.29,2014-2015,,,,,,,,,,,,,,,,,26.9,46.0,29.0,4.0,125.0,0.0
Rayo Vallecano,38,15,4,19,46,68,-22,49,1.29,2014-2015,,,,,,,,,,,,,,,,,27.2,54.8,33.0,3.0,113.0,0.0
Real Sociedad,38,11,13,14,44,51,-7,46,1.21,2014-2015,,,,,,,,,,,,,,,,,26.5,49.8,35.0,3.0,89.0,0.0
Elche,38,11,8,19,35,62,-27,41,1.08,2014-2015,,,,,,,,,,,,,,,,,26.3,47.9,25.0,7.0,113.0,0.0
Levante,38,9,10,19,34,67,-33,37,0.97,2014-2015,,,,,,,,,,,,,,,,,28.0,44.5,22.0,4.0,107.0,0.0
Getafe,38,10,7,21,33,64,-31,37,0.97,2014-2015,,,,,,,,,,,,,,,,,26.9,46.9,25.0,2.0,98.0,0.0
Deportivo La Coruna,38,7,14,17,35,60,-25,35,0.92,2014-2015,,,,,,,,,,,,,,,,,26.9,48.4,17.0,7.0,111.0,0.0
Granada,38,7,14,17,29,64,-35,35,0.92,2014-2015,,,,,,,,,,,,,,,,,26.6,47.4,17.0,6.0,115.0,0.0
Eibar,38,9,8,21,34,55,-21,35,0.92,2014-2015,,,,,,,,,,,,,,,,,27.6,43.8,25.0,2.0,110.0,0.0
Almeria,38,8,8,22,35,64,-29,29,0.76,2014-2015,,,,,,,,,,,,,,,,,26.1,46.4,22.0,6.0,124.0,0.0
Cordoba,38,3,11,24,22,68,-46,20,0.53,2014-2015,,,,,,,,,,,,,,,,,25.7,45.9,12.0,3.0,106.0,0.0
Barcelona,38,29,4,5,112,29,83,91,2.39,2015-2016,605.0,266.0,44.0,15.92,7.0,0.16,0.37,0.76,128.0,100.0,78.1,18.0,47.4,1.0,0.0,0.0,28.0,67.1,74.0,19.0,67.0,1.0
Real Madrid,38,28,6,4,110,34,76,90,2.37,2015-2016,712.0,289.0,40.6,18.74,7.61,0.14,0.35,0.89,137.0,106.0,75.9,14.0,36.8,1.0,3.0,0.0,26.5,57.3,86.0,9.0,75.0,5.0
Atletico Madrid,38,28,4,6,63,18,45,88,2.32,2015-2016,478.0,166.0,34.7,12.58,4.37,0.13,0.37,0.47,99.0,82.0,82.8,24.0,63.2,1.0,0.0,0.0,25.9,48.5,47.0,2.0,94.0,3.0
Villarreal,38,18,10,10,44,35,9,64,1.68,2015-2016,340.0,133.0,39.1,8.95,3.5,0.11,0.29,0.92,131.0,99.0,74.8,17.0,44.7,2.0,1.0,0.0,25.3,45.9,32.0,3.0,103.0,4.0
Athletic Club,38,18,8,12,58,45,13,62,1.63,2015-2016,456.0,163.0,35.7,12.0,4.29,0.12,0.33,1.19,131.0,93.0,70.2,13.0,34.2,6.0,1.0,0.0,27.7,49.9,42.0,5.0,86.0,6.0
Celta Vigo,38,17,9,12,51,59,-8,60,1.58,2015-2016,443.0,155.0,35.0,11.66,4.08,0.1,0.3,1.55,155.0,100.0,63.9,10.0,26.3,3.0,1.0,1.0,26.1,56.4,41.0,5.0,115.0,8.0
Sevilla,38,14,10,14,51,50,1,52,1.37,2015-2016,460.0,182.0,39.6,12.11,4.79,0.1,0.24,1.32,174.0,126.0,72.4,11.0,28.9,2.0,0.0,1.0,26.9,50.0,35.0,7.0,106.0,8.0
Malaga,38,12,12,14,38,35,3,48,1.26,2015-2016,452.0,167.0,36.9,11.89,4.39,0.08,0.21,0.92,138.0,105.0,75.4,12.0,31.6,1.0,1.0,0.0,28.0,48.8,27.0,4.0,110.0,5.0
Real Sociedad,38,13,9,16,45,48,-3,48,1.26,2015-2016,455.0,157.0,34.5,11.97,4.13,0.09,0.27,1.26,151.0,109.0,71.5,13.0,34.2,5.0,1.0,2.0,25.3,51.8,31.0,1.0,109.0,5.0
Real Betis,38,11,12,15,34,52,-18,45,1.18,2015-2016,397.0,126.0,31.7,10.45,3.32,0.08,0.25,1.37,186.0,134.0,72.0,12.0,31.6,0.0,0.0,1.0,27.4,46.7,25.0,4.0,114.0,5.0
Las Palmas,38,12,8,18,45,53,-8,44,1.16,2015-2016,420.0,163.0,38.8,11.05,4.29,0.09,0.23,1.4,181.0,131.0,72.4,11.0,28.9,3.0,0.0,1.0,27.6,54.6,31.0,5.0,100.0,4.0
Valencia,38,11,11,16,46,48,-2,44,1.16,2015-2016,405.0,140.0,34.6,10.66,3.68,0.09,0.27,1.26,177.0,133.0,74.0,7.0,18.4,2.0,2.0,0.0,24.7,50.1,27.0,5.0,110.0,7.0
Espanyol,38,12,7,19,40,74,-34,43,1.13,2015-2016,392.0,148.0,37.8,10.32,3.89,0.09,0.25,1.95,171.0,103.0,60.2,7.0,18.4,6.0,0.0,0.0,24.9,46.2,29.0,3.0,132.0,5.0
Eibar,38,11,10,17,49,61,-12,43,1.13,2015-2016,420.0,155.0,36.9,11.05,4.08,0.1,0.26,1.59,154.0,96.0,61.7,7.0,18.4,3.0,1.0,0.0,25.6,45.2,31.0,8.0,108.0,4.0
Deportivo La Coruna,38,8,18,12,45,61,-16,42,1.11,2015-2016,455.0,157.0,34.5,11.97,4.13,0.09,0.25,1.61,149.0,92.0,61.1,7.0,18.4,3.0,1.0,1.0,28.2,47.1,31.0,1.0,86.0,4.0
Granada,38,10,9,19,46,69,-23,39,1.03,2015-2016,431.0,131.0,30.4,11.34,3.45,0.09,0.29,1.82,172.0,107.0,62.2,4.0,10.5,4.0,0.0,1.0,25.9,44.6,26.0,7.0,141.0,7.0
Sporting Gijon,38,10,9,19,40,62,-22,39,1.03,2015-2016,374.0,122.0,32.6,9.84,3.21,0.1,0.31,1.63,193.0,140.0,71.0,7.0,18.4,6.0,3.0,2.0,24.5,43.1,29.0,2.0,107.0,6.0
Rayo Vallecano,38,9,11,18,52,73,-21,38,1.0,2015-2016,504.0,179.0,35.5,13.26,4.71,0.1,0.28,1.92,182.0,118.0,63.7,6.0,15.8,7.0,2.0,0.0,28.5,55.6,38.0,3.0,115.0,10.0
Getafe,38,9,9,20,37,67,-30,36,0.95,2015-2016,441.0,149.0,33.8,11.61,3.92,0.08,0.23,1.76,179.0,122.0,67.0,8.0,21.1,8.0,2.0,1.0,26.7,46.1,31.0,2.0,129.0,6.0
Levante,38,8,8,22,37,70,-33,32,0.84,2015-2016,432.0,142.0,32.9,11.37,3.74,0.08,0.24,1.84,183.0,119.0,64.5,6.0,15.8,5.0,1.0,1.0,27.2,45.9,23.0,2.0,134.0,7.0
Real Madrid,38,29,6,3,106,41,65,93,2.45,2016-2017,662.0,265.0,40.0,17.42,6.97,0.15,0.38,1.08,143.0,105.0,72.7,10.0,26.3,2.0,1.0,1.0,27.0,56.2,83.0,8.0,76.0,2.0
Barcelona,38,28,6,4,116,37,79,90,2.37,2016-2017,649.0,268.0,41.3,17.08,7.05,0.16,0.39,0.97,160.0,123.0,76.9,13.0,34.2,0.0,0.0,0.0,26.9,66.1,71.0,9.0,75.0,1.0
Atletico Madrid,38,23,9,6,70,27,43,78,2.05,2016-2017,503.0,199.0,39.6,13.24,5.24,0.14,0.34,0.71,111.0,87.0,78.4,20.0,52.6,3.0,1.0,0.0,26.9,48.4,54.0,7.0,85.0,3.0
Sevilla,38,21,9,8,69,49,20,72,1.89,2016-2017,487.0,200.0,41.1,12.82,5.26,0.13,0.32,1.26,161.0,118.0,72.7,13.0,34.2,4.0,1.0,0.0,26.8,59.2,48.0,5.0,109.0,4.0
Villarreal,38,19,10,9,56,33,23,67,1.76,2016-2017,430.0,170.0,39.5,11.32,4.47,0.11,0.29,0.87,148.0,121.0,81.1,16.0,42.1,5.0,1.0,0.0,26.7,49.3,36.0,8.0,91.0,4.0
Real Sociedad,38,19,7,12,59,53,6,64,1.68,2016-2017,493.0,167.0,33.9,12.97,4.39,0.1,0.29,1.39,156.0,108.0,68.6,10.0,26.3,4.0,1.0,2.0,26.0,56.7,39.0,8.0,89.0,6.0
Athletic Club,38,19,6,13,53,43,10,63,1.66,2016-2017,488.0,187.0,38.3,12.84,4.92,0.09,0.24,1.13,119.0,79.0,64.7,10.0,26.3,1.0,2.0,0.0,26.8,51.1,31.0,8.0,89.0,2.0
Espanyol,38,15,11,12,49,50,-1,56,1.47,2016-2017,345.0,131.0,38.0,9.08,3.45,0.13,0.35,1.32,175.0,127.0,72.6,11.0,28.9,2.0,0.0,0.0,27.2,44.0,36.0,4.0,82.0,2.0
Alaves,38,14,13,11,41,43,-2,55,1.45,2016-2017,394.0,136.0,34.5,10.37,3.58,0.09,0.27,1.13,156.0,119.0,75.0,12.0,31.6,4.0,2.0,0.0,25.4,44.4,27.0,4.0,120.0,5.0
Eibar,38,15,9,14,56,51,5,54,1.42,2016-2017,451.0,182.0,40.4,11.87,4.79,0.1,0.26,1.34,152.0,107.0,69.7,10.0,26.3,5.0,1.0,0.0,26.9,47.8,34.0,8.0,96.0,7.0
Malaga,38,12,10,16,49,55,-6,46,1.21,2016-2017,492.0,168.0,34.1,12.95,4.42,0.09,0.27,1.45,143.0,95.0,65.7,8.0,21.1,6.0,1.0,0.0,26.0,48.4,33.0,5.0,116.0,7.0
Valencia,38,13,7,18,56,65,-9,46,1.21,2016-2017,454.0,176.0,38.8,11.95,4.63,0.11,0.28,1.71,154.0,100.0,61.7,7.0,18.4,6.0,5.0,2.0,25.9,48.8,38.0,6.0,114.0,6.0
Celta Vigo,38,13,6,19,53,69,-16,45,1.18,2016-2017,404.0,148.0,36.6,10.63,3.89,0.11,0.3,1.82,181.0,121.0,66.9,7.0,18.4,9.0,0.0,1.0,26.1,53.2,33.0,7.0,111.0,8.0
Las Palmas,38,10,9,19,53,74,-21,39,1.03,2016-2017,437.0,182.0,41.6,11.5,4.79,0.11,0.25,1.95,165.0,102.0,61.8,5.0,13.2,11.0,0.0,0.0,27.3,59.0,34.0,6.0,106.0,6.0
Real Betis,38,10,9,19,41,64,-23,39,1.03,2016-2017,440.0,153.0,34.8,11.58,4.03,0.09,0.25,1.68,187.0,128.0,67.9,10.0,26.3,4.0,1.0,0.0,26.1,47.9,27.0,2.0,106.0,5.0
Deportivo La Coruna,38,8,12,18,43,61,-18,36,0.95,2016-2017,462.0,146.0,31.6,12.16,3.84,0.08,0.27,1.61,168.0,110.0,65.5,9.0,23.7,3.0,0.0,0.0,27.7,47.0,29.0,7.0,97.0,4.0
Leganes,38,8,11,19,36,55,-19,35,0.92,2016-2017,411.0,135.0,32.8,10.82,3.55,0.08,0.24,1.45,137.0,89.0,64.2,11.0,28.9,6.0,1.0,0.0,26.3,44.7,24.0,4.0,107.0,3.0
Sporting Gijon,38,7,10,21,42,72,-30,31,0.82,2016-2017,377.0,135.0,35.8,9.92,3.55,0.1,0.28,1.89,195.0,132.0,66.7,7.0,18.4,7.0,2.0,0.0,26.4,44.4,26.0,7.0,116.0,4.0
Osasuna,38,4,10,24,40,94,-54,22,0.58,2016-2017,395.0,147.0,37.2,10.39,3.87,0.08,0.22,2.47,193.0,106.0,53.4,2.0,5.3,4.0,3.0,1.0,26.3,39.0,24.0,6.0,100.0,3.0
Granada,38,4,8,26,30,82,-52,20,0.53,2016-2017,385.0,125.0,32.5,10.13,3.29,0.08,0.24,2.16,242.0,163.0,66.9,3.0,7.9,2.0,1.0,1.0,24.7,45.1,19.0,1.0,116.0,6.0
Barcelona,38,28,9,1,99,29,70,93,2.45,2017-2018,575.0,264.0,45.9,15.13,6.95,0.16,0.35,0.76,133.0,104.0,79.7,19.0,50.0,2.0,0.0,0.0,27.7,62.8,74.0,5.0,67.0,2.0
Atletico Madrid,38,23,10,5,58,22,36,79,2.08,2017-2018,401.0,147.0,36.7,10.55,3.87,0.13,0.36,0.58,129.0,105.0,83.7,23.0,60.5,1.0,3.0,0.0,26.6,47.5,41.0,5.0,96.0,5.0
Real Madrid,38,22,10,6,94,44,50,76,2.0,2017-2018,689.0,267.0,38.8,18.13,7.03,0.12,0.31,1.16,144.0,100.0,70.8,10.0,26.3,2.0,2.0,0.0,27.1,60.2,65.0,10.0,67.0,4.0
Valencia,38,22,7,9,65,38,27,73,1.92,2017-2018,473.0,175.0,37.0,12.45,4.61,0.12,0.31,1.0,164.0,124.0,78.7,12.0,31.6,3.0,2.0,0.0,24.8,48.6,45.0,8.0,107.0,5.0
Villarreal,38,18,7,13,57,50,7,61,1.61,2017-2018,470.0,162.0,34.5,12.37,4.26,0.11,0.32,1.32,157.0,104.0,71.3,11.0,28.9,5.0,3.0,0.0,26.6,50.4,45.0,5.0,117.0,6.0
Real Betis,38,18,6,14,60,61,-1,60,1.58,2017-2018,415.0,160.0,38.6,10.92,4.21,0.13,0.34,1.61,156.0,98.0,62.8,13.0,34.2,3.0,1.0,0.0,27.1,56.9,43.0,3.0,91.0,3.0
Sevilla,38,17,7,14,49,58,-9,58,1.53,2017-2018,511.0,174.0,34.1,13.45,4.58,0.09,0.25,1.53,150.0,92.0,64.7,14.0,36.8,5.0,1.0,2.0,27.1,54.3,35.0,5.0,99.0,3.0
Getafe,38,15,10,13,42,33,9,55,1.45,2017-2018,361.0,122.0,33.8,9.5,3.21,0.1,0.3,0.87,130.0,96.0,76.2,14.0,36.8,2.0,1.0,1.0,28.2,40.2,27.0,12.0,134.0,5.0
Eibar,38,14,9,15,44,50,-6,51,1.34,2017-2018,467.0,131.0,28.1,12.29,3.45,0.09,0.31,1.32,134.0,87.0,65.7,11.0,28.9,4.0,0.0,0.0,27.4,52.0,31.0,3.0,86.0,3.0
Girona,38,14,9,15,50,59,-9,51,1.34,2017-2018,447.0,149.0,33.3,11.76,3.92,0.1,0.3,1.55,175.0,119.0,68.6,11.0,28.9,4.0,0.0,1.0,26.3,46.8,31.0,8.0,102.0,0.0
Espanyol,38,12,13,13,36,42,-6,49,1.29,2017-2018,410.0,128.0,31.2,10.79,3.37,0.08,0.24,1.11,164.0,122.0,76.8,12.0,31.6,4.0,2.0,0.0,26.8,46.9,24.0,3.0,88.0,1.0
Real Sociedad,38,14,7,17,66,59,7,49,1.29,2017-2018,516.0,165.0,32.0,13.58,4.34,0.12,0.36,1.55,149.0,90.0,64.4,10.0,26.3,6.0,2.0,0.0,25.9,56.5,47.0,5.0,64.0,5.0
Celta Vigo,38,13,10,15,59,60,-1,49,1.29,2017-2018,444.0,157.0,35.4,11.68,4.13,0.12,0.35,1.58,161.0,102.0,65.2,7.0,18.4,4.0,0.0,1.0,25.7,55.7,45.0,3.0,85.0,1.0
Alaves,38,15,2,21,40,50,-10,47,1.24,2017-2018,389.0,134.0,34.4,10.24,3.53,0.1,0.29,1.32,172.0,122.0,75.0,12.0,31.6,7.0,2.0,1.0,25.5,40.3,31.0,3.0,109.0,4.0
Levante,38,11,13,14,44,58,-14,46,1.21,2017-2018,405.0,119.0,29.4,10.66,3.13,0.09,0.32,1.53,183.0,127.0,71.0,10.0,26.3,5.0,0.0,1.0,25.7,42.8,28.0,5.0,111.0,6.0
Athletic Club,38,10,13,15,41,49,-8,43,1.13,2017-2018,421.0,142.0,33.7,11.08,3.74,0.08,0.23,1.29,166.0,117.0,72.3,11.0,28.9,3.0,3.0,0.0,26.7,49.6,25.0,8.0,93.0,0.0
Leganes,38,12,7,19,34,51,-17,43,1.13,2017-2018,393.0,125.0,31.8,10.34,3.29,0.08,0.24,1.34,156.0,104.0,71.2,14.0,36.8,6.0,1.0,0.0,27.8,43.0,23.0,3.0,105.0,5.0
Deportivo La Coruna,38,6,11,21,38,76,-38,29,0.76,2017-2018,462.0,133.0,28.8,12.16,3.5,0.08,0.26,2.0,179.0,105.0,59.8,6.0,15.8,4.0,1.0,0.0,28.2,46.8,30.0,5.0,100.0,2.0
Las Palmas,38,5,7,26,24,74,-50,22,0.58,2017-2018,405.0,119.0,29.4,10.66,3.13,0.04,0.15,1.95,215.0,142.0,67.9,5.0,13.2,5.0,0.0,0.0,27.0,54.7,15.0,8.0,89.0,3.0
Malaga,38,5,5,28,24,61,-37,20,0.53,2017-2018,397.0,108.0,27.2,10.45,2.84,0.05,0.18,1.61,170.0,108.0,67.6,6.0,15.8,6.0,1.0,0.0,27.2,44.1,15.0,6.0,101.0,8.0
Barcelona,38,26,9,3,90,36,54,87,2.29,2018-2019,551.0,242.0,43.9,14.5,6.37,0.15,0.33,0.95,130.0,95.0,73.8,17.0,44.7,2.0,0.0,0.0,27.7,64.4,61.0,9.0,77.0,2.0
Atletico Madrid,38,22,10,6,55,29,26,76,2.0,2018-2019,440.0,155.0,35.2,11.58,4.08,0.11,0.32,0.76,136.0,109.0,82.4,20.0,52.6,5.0,0.0,0.0,26.4,49.2,36.0,4.0,103.0,5.0
Real Madrid,38,21,5,12,63,46,17,68,1.79,2018-2019,585.0,203.0,34.7,15.39,5.34,0.09,0.26,1.21,138.0,91.0,71.0,12.0,31.6,6.0,1.0,1.0,27.1,60.1,39.0,9.0,83.0,6.0
Valencia,38,15,16,7,51,35,16,61,1.61,2018-2019,470.0,157.0,33.4,12.37,4.13,0.1,0.29,0.92,152.0,118.0,81.6,13.0,34.2,7.0,1.0,0.0,26.4,47.1,38.0,7.0,90.0,3.0
Getafe,38,15,14,9,48,35,13,59,1.55,2018-2019,395.0,122.0,30.9,10.39,3.21,0.1,0.34,0.92,134.0,99.0,76.9,13.0,34.2,4.0,1.0,1.0,27.5,40.7,34.0,6.0,111.0,7.0
Sevilla,38,17,8,13,62,47,15,59,1.55,2018-2019,524.0,167.0,31.9,13.79,4.39,0.1,0.33,1.24,156.0,108.0,73.7,10.0,26.3,6.0,1.0,0.0,27.9,52.3,47.0,6.0,118.0,6.0
Espanyol,38,14,11,13,48,50,-2,53,1.39,2018-2019,470.0,154.0,32.8,12.37,4.05,0.08,0.25,1.32,167.0,117.0,73.7,10.0,26.3,6.0,2.0,0.0,27.7,49.4,26.0,4.0,92.0,2.0
Athletic Club,38,13,14,11,41,45,-4,53,1.39,2018-2019,380.0,132.0,34.7,10.0,3.47,0.09,0.26,1.18,120.0,75.0,66.7,10.0,26.3,5.0,0.0,0.0,27.6,50.0,26.0,7.0,120.0,4.0
Real Sociedad,38,13,11,14,45,46,-1,50,1.32,2018-2019,418.0,133.0,31.8,11.0,3.5,0.09,0.27,1.21,142.0,97.0,69.0,9.0,23.7,2.0,1.0,0.0,24.9,51.7,27.0,10.0,82.0,4.0
Real Betis,38,14,8,16,44,52,-8,50,1.32,2018-2019,436.0,156.0,35.8,11.47,4.11,0.09,0.24,1.37,155.0,102.0,69.0,11.0,28.9,4.0,1.0,0.0,26.7,61.8,30.0,7.0,89.0,1.0
Alaves,38,13,11,14,39,50,-11,50,1.32,2018-2019,426.0,116.0,27.2,11.21,3.05,0.09,0.32,1.32,167.0,119.0,73.7,8.0,21.1,6.0,0.0,0.0,26.7,42.7,27.0,3.0,101.0,1.0
Eibar,38,11,14,13,46,50,-4,47,1.24,2018-2019,524.0,147.0,28.1,13.79,3.87,0.07,0.27,1.32,132.0,82.0,64.4,9.0,23.7,3.0,1.0,0.0,28.5,54.0,26.0,8.0,82.0,2.0
Leganes,38,11,12,15,37,43,-6,45,1.18,2018-2019,414.0,128.0,30.9,10.89,3.37,0.08,0.26,1.13,134.0,91.0,70.1,11.0,28.9,3.0,1.0,0.0,26.6,43.1,25.0,5.0,106.0,4.0
Villarreal,38,10,14,14,49,52,-3,44,1.16,2018-2019,488.0,169.0,34.6,12.84,4.45,0.09,0.26,1.37,185.0,135.0,73.5,11.0,28.9,3.0,1.0,1.0,27.1,48.3,34.0,6.0,118.0,3.0
Levante,38,11,11,16,59,66,-7,44,1.16,2018-2019,435.0,154.0,35.4,11.45,4.05,0.12,0.33,1.74,226.0,161.0,74.3,7.0,18.4,8.0,1.0,0.0,26.3,45.7,39.0,7.0,112.0,7.0
Valladolid,38,10,11,17,32,51,-19,41,1.08,2018-2019,406.0,125.0,30.8,10.68,3.29,0.07,0.22,1.34,155.0,102.0,71.0,9.0,23.7,6.0,3.0,0.0,27.4,46.8,19.0,7.0,92.0,0.0
Celta Vigo,38,10,11,17,53,62,-9,41,1.08,2018-2019,445.0,152.0,34.2,11.71,4.0,0.1,0.3,1.63,167.0,106.0,66.5,8.0,21.1,6.0,0.0,1.0,25.5,51.6,37.0,7.0,84.0,6.0
Girona,38,9,10,19,37,53,-16,37,0.97,2018-2019,392.0,137.0,34.9,10.32,3.61,0.08,0.23,1.39,206.0,154.0,78.2,9.0,23.7,8.0,0.0,0.0,26.6,48.0,23.0,6.0,83.0,4.0
Huesca,38,7,12,19,43,65,-22,33,0.87,2018-2019,463.0,139.0,30.0,12.18,3.66,0.08,0.27,1.71,174.0,112.0,67.8,6.0,15.8,9.0,0.0,0.0,26.7,44.5,28.0,7.0,114.0,3.0
Rayo Vallecano,38,8,8,22,41,70,-29,32,0.84,2018-2019,453.0,144.0,31.8,11.92,3.79,0.08,0.24,1.84,182.0,109.0,65.4,7.0,18.4,7.0,4.0,0.0,26.6,48.7,24.0,5.0,106.0,8.0
Real Madrid,38,26,9,3,70,25,45,87,2.29,2019-2020,552.0,222.0,40.2,14.53,5.84,0.11,0.26,0.66,110.0,85.0,79.1,19.0,50.0,2.0,0.0,0.0,27.6,58.8,52.0,11.0,82.0,4.0
Barcelona,38,25,7,6,86,38,48,82,2.16,2019-2020,488.0,213.0,43.6,12.84,5.61,0.16,0.37,1.0,119.0,80.0,73.1,15.0,39.5,6.0,1.0,0.0,27.8,66.4,62.0,6.0,92.0,6.0
Atletico Madrid,38,18,16,4,51,27,24,70,1.84,2019-2020,440.0,136.0,30.9,11.58,3.58,0.1,0.32,0.71,112.0,88.0,78.6,17.0,44.7,3.0,0.0,1.0,26.1,48.6,35.0,8.0,93.0,3.0
Sevilla,38,19,13,6,54,34,20,70,1.84,2019-2020,484.0,164.0,33.9,12.74,4.32,0.1,0.28,0.89,117.0,83.0,73.5,17.0,44.7,3.0,1.0,0.0,27.7,57.9,35.0,7.0,97.0,1.0
Villarreal,38,18,6,14,63,49,14,60,1.58,2019-2020,483.0,160.0,33.1,12.71,4.21,0.11,0.33,1.29,164.0,116.0,75.0,12.0,31.6,8.0,1.0,0.0,27.6,52.9,40.0,11.0,78.0,1.0
Real Sociedad,38,16,8,14,56,48,8,56,1.47,2019-2020,424.0,139.0,32.8,11.16,3.66,0.12,0.36,1.26,144.0,96.0,71.5,9.0,23.7,7.0,1.0,1.0,24.8,56.2,38.0,5.0,79.0,2.0
Granada,38,16,8,14,52,45,7,56,1.47,2019-2020,389.0,118.0,30.3,10.24,3.11,0.12,0.38,1.18,156.0,110.0,73.7,13.0,34.2,4.0,1.0,0.0,26.8,43.8,34.0,5.0,109.0,1.0
Getafe,38,14,12,12,43,37,6,54,1.42,2019-2020,408.0,121.0,29.7,10.74,3.18,0.09,0.3,0.97,109.0,73.0,70.6,15.0,39.5,5.0,1.0,0.0,27.5,45.0,31.0,7.0,135.0,5.0
Valencia,38,14,11,13,46,53,-7,53,1.39,2019-2020,331.0,111.0,33.5,8.71,2.92,0.12,0.36,1.39,190.0,136.0,75.8,8.0,21.1,7.0,2.0,0.0,27.0,49.0,34.0,8.0,80.0,8.0
Osasuna,38,13,13,12,46,54,-8,52,1.37,2019-2020,455.0,142.0,31.2,11.97,3.74,0.08,0.27,1.42,143.0,89.0,65.7,11.0,28.9,5.0,0.0,0.0,27.7,47.4,26.0,8.0,110.0,6.0
Athletic Club,38,13,12,13,41,38,3,51,1.34,2019-2020,401.0,126.0,31.4,10.55,3.32,0.08,0.25,1.0,128.0,92.0,74.2,12.0,31.6,5.0,0.0,2.0,26.7,48.7,23.0,10.0,90.0,2.0
Levante,38,14,7,17,47,53,-6,49,1.29,2019-2020,422.0,133.0,31.5,11.11,3.5,0.09,0.3,1.39,215.0,161.0,76.7,6.0,15.8,3.0,2.0,1.0,27.7,48.3,28.0,5.0,79.0,5.0
Valladolid,38,9,15,14,32,43,-11,42,1.11,2019-2020,369.0,116.0,31.4,9.71,3.05,0.08,0.24,1.13,139.0,95.0,74.1,12.0,31.6,7.0,1.0,0.0,27.1,44.7,19.0,6.0,84.0,0.0
Eibar,38,11,9,18,39,56,-17,42,1.11,2019-2020,419.0,132.0,31.5,11.03,3.47,0.07,0.23,1.47,138.0,81.0,62.3,11.0,28.9,4.0,2.0,0.0,29.3,46.3,24.0,10.0,92.0,3.0
Real Betis,38,10,11,17,48,60,-12,41,1.08,2019-2020,471.0,152.0,32.3,12.39,4.0,0.09,0.28,1.58,154.0,95.0,68.2,6.0,15.8,11.0,0.0,0.0,27.5,56.7,35.0,8.0,108.0,9.0
Alaves,38,10,9,19,34,59,-25,39,1.03,2019-2020,307.0,98.0,31.9,8.08,2.58,0.09,0.29,1.55,161.0,99.0,70.8,9.0,23.7,12.0,3.0,0.0,27.6,41.5,20.0,6.0,111.0,7.0
Celta Vigo,38,7,16,15,37,49,-12,37,0.97,2019-2020,359.0,131.0,36.5,9.45,3.45,0.09,0.24,1.29,149.0,100.0,70.5,12.0,31.6,5.0,0.0,0.0,25.8,51.7,26.0,9.0,104.0,6.0
Leganes,38,8,12,18,30,51,-21,36,0.95,2019-2020,427.0,143.0,33.5,11.24,3.76,0.06,0.19,1.34,138.0,87.0,67.4,9.0,23.7,6.0,1.0,0.0,26.9,43.9,19.0,5.0,127.0,4.0
Mallorca,38,9,6,23,40,65,-25,33,0.87,2019-2020,410.0,118.0,28.8,10.79,3.11,0.08,0.26,1.71,190.0,125.0,73.7,5.0,13.2,15.0,1.0,0.0,26.8,45.0,21.0,10.0,93.0,5.0
Espanyol,38,5,10,23,27,58,-31,25,0.66,2019-2020,407.0,120.0,29.5,10.71,3.16,0.05,0.18,1.53,163.0,106.0,68.1,6.0,15.8,6.0,1.0,0.0,27.7,47.4,17.0,4.0,107.0,9.0
Atletico Madrid,38,26,8,4,67,25,42,86,2.26,2020-2021,452.0,178.0,39.4,11.89,4.68,0.13,0.34,0.66,122.0,98.0,80.3,18.0,47.4,1.0,2.0,1.0,27.3,52.3,54.0,7.0,100.0,0.0
Real Madrid,38,25,9,4,67,28,39,84,2.21,2020-2021,544.0,167.0,30.7,14.32,4.39,0.11,0.37,0.74,116.0,88.0,81.9,17.0,44.7,7.0,1.0,0.0,27.9,59.3,53.0,3.0,59.0,2.0
Barcelona,38,24,7,7,85,38,47,79,2.08,2020-2021,575.0,231.0,40.2,15.13,6.08,0.13,0.33,1.0,130.0,94.0,74.6,14.0,36.8,5.0,0.0,0.0,26.4,65.5,51.0,8.0,72.0,2.0
Sevilla,38,24,5,9,53,33,20,77,2.03,2020-2021,454.0,135.0,29.7,11.95,3.55,0.1,0.34,0.87,120.0,87.0,75.8,17.0,44.7,4.0,2.0,0.0,28.1,60.9,36.0,7.0,79.0,2.0
Real Sociedad,38,17,11,10,59,38,21,62,1.63,2020-2021,417.0,139.0,33.3,10.97,3.66,0.12,0.35,1.0,105.0,67.0,66.7,14.0,36.8,3.0,1.0,1.0,25.0,54.9,39.0,12.0,81.0,1.0
Real Betis,38,17,10,11,50,50,0,61,1.61,2020-2021,433.0,145.0,33.5,11.39,3.82,0.1,0.29,1.32,136.0,87.0,69.1,13.0,34.2,8.0,2.0,0.0,27.9,53.6,35.0,11.0,93.0,8.0
Villarreal,38,15,13,10,60,44,16,58,1.53,2020-2021,392.0,146.0,37.2,10.32,3.84,0.11,0.31,1.16,126.0,83.0,70.6,10.0,26.3,7.0,1.0,1.0,28.0,55.2,33.0,13.0,67.0,5.0
Celta Vigo,38,14,11,13,55,57,-2,53,1.39,2020-2021,350.0,133.0,38.0,9.21,3.5,0.14,0.36,1.5,138.0,81.0,63.8,9.0,23.7,7.0,1.0,0.0,26.6,53.3,39.0,7.0,109.0,5.0
Granada,38,13,7,18,47,65,-18,46,1.21,2020-2021,354.0,121.0,34.2,9.32,3.18,0.12,0.36,1.71,170.0,101.0,65.3,9.0,23.7,6.0,5.0,1.0,27.4,41.4,30.0,5.0,97.0,6.0
Athletic Club,38,11,13,14,46,42,4,46,1.21,2020-2021,399.0,128.0,32.1,10.5,3.37,0.1,0.3,1.11,111.0,69.0,66.7,9.0,23.7,5.0,1.0,0.0,26.6,49.9,31.0,5.0,82.0,3.0
Osasuna,38,11,11,16,37,48,-11,44,1.16,2020-2021,368.0,114.0,31.0,9.68,3.0,0.08,0.27,1.27,142.0,94.0,69.7,11.0,28.9,5.0,2.0,1.0,27.9,43.2,25.0,6.0,80.0,5.0
Cadiz,38,11,11,16,36,58,-22,44,1.16,2020-2021,299.0,97.0,32.4,7.87,2.55,0.1,0.3,1.53,150.0,91.0,67.3,10.0,26.3,9.0,1.0,0.0,28.8,34.8,16.0,4.0,81.0,3.0
Valencia,38,10,13,15,50,53,-3,43,1.13,2020-2021,383.0,129.0,33.7,10.08,3.39,0.1,0.31,1.39,175.0,121.0,72.6,7.0,18.4,5.0,3.0,0.0,25.2,46.9,35.0,10.0,82.0,5.0
Levante,38,9,14,15,46,57,-11,41,1.08,2020-2021,376.0,125.0,33.2,9.89,3.29,0.11,0.34,1.5,163.0,108.0,66.9,4.0,10.5,3.0,0.0,1.0,28.0,52.2,35.0,6.0,68.0,1.0
Getafe,38,9,11,18,28,43,-15,38,1.0,2020-2021,355.0,97.0,27.3,9.34,2.55,0.07,0.25,1.13,111.0,70.0,67.6,14.0,36.8,7.0,1.0,0.0,26.7,43.3,14.0,5.0,120.0,7.0
Alaves,38,9,11,18,36,57,-21,38,1.0,2020-2021,339.0,95.0,28.0,8.92,2.5,0.09,0.32,1.5,142.0,85.0,62.0,9.0,23.7,3.0,0.0,0.0,28.7,42.8,21.0,8.0,96.0,8.0
Elche,38,8,12,18,34,55,-21,36,0.95,2020-2021,265.0,86.0,32.5,6.97,2.26,0.12,0.36,1.45,163.0,106.0,69.9,7.0,18.4,6.0,3.0,1.0,28.1,47.5,25.0,3.0,99.0,3.0
Huesca,38,7,13,18,34,53,-19,34,0.89,2020-2021,404.0,130.0,32.2,10.63,3.42,0.07,0.22,1.39,149.0,98.0,67.8,9.0,23.7,5.0,0.0,0.0,28.0,48.3,23.0,4.0,69.0,2.0
Valladolid,38,5,16,17,34,57,-23,31,0.82,2020-2021,359.0,110.0,30.6,9.45,2.89,0.08,0.25,1.5,161.0,104.0,68.3,3.0,7.9,6.0,0.0,1.0,28.1,45.2,21.0,8.0,93.0,4.0
Eibar,38,6,12,20,29,52,-23,30,0.79,2020-2021,443.0,127.0,28.7,11.66,3.34,0.06,0.2,1.37,135.0,82.0,63.7,9.0,23.7,3.0,1.0,1.0,28.2,49.3,20.0,9.0,71.0,3.0
Real Madrid,38,26,8,4,80,31,49,86,2.26,2021-2022,645.0,243.0,37.7,16.97,6.39,0.11,0.3,0.82,129.0,97.0,78.3,16.0,42.1,3.0,2.0,0.0,27.7,59.9,59.0,12.0,76.0,0.0
Barcelona,38,21,10,7,68,38,30,73,1.92,2021-2022,511.0,177.0,34.6,13.45,4.66,0.12,0.35,1.0,123.0,84.0,70.7,11.0,28.9,2.0,1.0,0.0,26.2,64.2,52.0,7.0,97.0,5.0
Atletico Madrid,38,21,8,9,65,43,22,71,1.87,2021-2022,458.0,152.0,33.2,12.05,4.0,0.13,0.39,1.13,106.0,65.0,66.0,12.0,31.6,7.0,1.0,0.0,28.1,50.6,45.0,5.0,111.0,7.0
Sevilla,38,18,16,4,53,30,23,70,1.84,2021-2022,430.0,139.0,32.3,11.32,3.66,0.11,0.35,0.79,121.0,90.0,76.9,17.0,44.7,2.0,1.0,1.0,28.6,59.4,40.0,3.0,97.0,4.0
Real Betis,38,19,8,11,62,40,22,65,1.71,2021-2022,509.0,182.0,35.8,13.39,4.79,0.11,0.3,1.05,132.0,94.0,72.0,13.0,34.2,3.0,0.0,0.0,28.9,53.7,45.0,6.0,87.0,6.0
Real Sociedad,38,17,11,10,40,37,3,62,1.63,2021-2022,430.0,143.0,33.3,11.32,3.76,0.07,0.22,0.97,127.0,89.0,74.8,20.0,52.6,5.0,1.0,0.0,25.7,54.3,22.0,10.0,77.0,4.0
Villarreal,38,16,11,11,63,37,26,59,1.55,2021-2022,449.0,164.0,36.5,11.82,4.32,0.13,0.35,0.97,128.0,91.0,74.2,14.0,36.8,4.0,1.0,0.0,28.0,56.8,51.0,6.0,81.0,1.0
Athletic Club,38,14,13,11,43,36,7,55,1.45,2021-2022,460.0,150.0,32.6,12.11,3.95,0.08,0.25,0.95,131.0,96.0,74.8,13.0,34.2,3.0,0.0,0.0,26.9,48.1,34.0,7.0,90.0,4.0
Valencia,38,11,15,12,48,53,-5,48,1.26,2021-2022,394.0,129.0,32.7,10.37,3.39,0.09,0.29,1.39,163.0,112.0,71.8,12.0,31.6,7.0,1.0,0.0,24.8,43.6,30.0,9.0,134.0,8.0
Osasuna,38,12,11,15,37,51,-14,47,1.24,2021-2022,425.0,114.0,26.8,11.18,3.0,0.07,0.27,1.34,151.0,99.0,68.9,12.0,31.6,4.0,3.0,0.0,27.7,46.9,23.0,8.0,84.0,2.0
Celta Vigo,38,12,10,16,43,43,0,46,1.21,2021-2022,405.0,135.0,33.3,10.66,3.55,0.1,0.3,1.13,136.0,91.0,71.3,14.0,36.8,4.0,4.0,0.0,28.4,55.2,29.0,6.0,87.0,3.0
Rayo Vallecano,38,11,9,18,39,50,-11,42,1.11,2021-2022,500.0,133.0,26.6,13.16,3.5,0.07,0.26,1.32,163.0,112.0,73.6,9.0,23.7,7.0,2.0,0.0,27.5,49.9,28.0,4.0,101.0,3.0
Elche,38,11,9,18,40,52,-12,42,1.11,2021-2022,334.0,106.0,31.7,8.79,2.79,0.11,0.36,1.37,174.0,121.0,74.1,8.0,21.1,7.0,1.0,1.0,29.1,48.4,29.0,1.0,104.0,6.0
Espanyol,38,10,12,16,40,53,-13,42,1.11,2021-2022,403.0,128.0,31.8,10.61,3.37,0.08,0.27,1.39,169.0,118.0,71.0,10.0,26.3,4.0,0.0,1.0,27.7,46.9,25.0,5.0,99.0,7.0
Getafe,38,8,15,15,33,41,-8,39,1.03,2021-2022,404.0,111.0,27.5,10.63,2.92,0.07,0.25,1.08,132.0,91.0,70.5,14.0,36.8,2.0,1.0,1.0,26.6,41.5,26.0,5.0,121.0,8.0
Mallorca,38,10,9,19,36,63,-27,39,1.03,2021-2022,440.0,131.0,29.8,11.58,3.45,0.06,0.21,1.66,152.0,91.0,62.5,9.0,23.7,6.0,2.0,0.0,27.9,45.3,23.0,7.0,114.0,7.0
Cadiz,38,8,15,15,35,51,-16,39,1.03,2021-2022,405.0,118.0,29.1,10.66,3.11,0.08,0.27,1.34,170.0,117.0,76.5,13.0,34.2,11.0,2.0,0.0,28.5,41.3,21.0,6.0,105.0,3.0
Granada,38,8,14,16,44,61,-17,38,1.0,2021-2022,421.0,131.0,31.1,11.08,3.45,0.1,0.31,1.61,193.0,132.0,72.0,8.0,21.1,7.0,2.0,0.0,28.1,44.7,28.0,5.0,105.0,4.0
Levante,38,8,11,19,51,76,-25,35,0.92,2021-2022,430.0,146.0,34.0,11.32,3.84,0.1,0.29,2.0,203.0,126.0,65.0,7.0,18.4,5.0,1.0,0.0,28.0,47.2,34.0,13.0,109.0,6.0
Alaves,38,8,7,23,31,65,-34,31,0.82,2021-2022,373.0,111.0,29.8,9.82,2.92,0.06,0.21,1.71,168.0,100.0,64.9,6.0,15.8,6.0,3.0,0.0,27.9,42.0,20.0,7.0,93.0,4.0
Barcelona,38,28,4,6,70,20,50,88,2.32,2022-2023,570.0,187.0,32.8,15.0,4.92,0.12,0.37,0.53,102.0,85.0,83.3,26.0,68.4,3.0,0.0,0.0,25.9,64.3,56.0,2.0,84.0,6.0
Real Madrid,38,24,6,8,75,36,39,78,2.05,2022-2023,634.0,206.0,32.5,16.68,5.42,0.1,0.31,0.95,136.0,100.0,76.5,13.0,34.2,4.0,1.0,0.0,27.4,60.9,56.0,12.0,72.0,3.0
Atletico Madrid,38,23,8,7,70,33,37,77,2.03,2022-2023,538.0,195.0,36.2,14.16,5.13,0.12,0.34,0.87,128.0,95.0,77.3,13.0,34.2,4.0,0.0,1.0,28.5,50.6,51.0,1.0,92.0,8.0
Real Sociedad,38,21,8,9,51,35,16,71,1.87,2022-2023,465.0,173.0,37.2,12.24,4.55,0.1,0.26,0.92,133.0,99.0,74.4,15.0,39.5,1.0,1.0,0.0,25.9,54.6,36.0,4.0,90.0,2.0
Villarreal,38,19,7,12,59,40,19,64,1.68,2022-2023,499.0,188.0,37.7,13.13,4.95,0.11,0.28,1.05,149.0,110.0,75.8,12.0,31.6,4.0,0.0,0.0,28.4,56.9,33.0,7.0,91.0,4.0
Real Betis,38,17,9,12,46,41,5,60,1.58,2022-2023,411.0,138.0,33.6,10.82,3.63,0.09,0.25,1.08,146.0,106.0,74.0,13.0,34.2,3.0,0.0,0.0,28.6,50.6,26.0,9.0,83.0,15.0
Osasuna,38,15,8,15,37,42,-5,53,1.39,2022-2023,441.0,133.0,30.2,11.61,3.5,0.07,0.24,1.11,148.0,107.0,72.3,11.0,28.9,1.0,1.0,2.0,27.5,48.0,30.0,5.0,93.0,7.0
Athletic Club,38,14,9,15,47,43,4,51,1.34,2022-2023,541.0,157.0,29.0,14.24,4.13,0.08,0.26,1.13,123.0,83.0,67.5,11.0,28.9,3.0,0.0,0.0,27.4,51.6,33.0,7.0,81.0,5.0
Mallorca,38,14,8,16,37,43,-6,50,1.32,2022-2023,324.0,107.0,33.0,8.53,2.82,0.1,0.3,1.13,145.0,101.0,74.5,13.0,34.2,6.0,1.0,0.0,27.7,41.1,27.0,5.0,120.0,5.0
Girona,38,13,10,15,58,55,3,49,1.29,2022-2023,446.0,160.0,35.9,11.74,4.21,0.11,0.29,1.45,168.0,112.0,70.8,4.0,10.5,6.0,1.0,1.0,26.0,51.3,41.0,9.0,92.0,3.0
Rayo Vallecano,38,13,10,15,45,53,-8,49,1.29,2022-2023,510.0,146.0,28.6,13.42,3.84,0.07,0.25,1.39,144.0,95.0,66.0,9.0,23.7,4.0,0.0,1.0,27.9,51.2,29.0,8.0,90.0,6.0
Sevilla,38,13,10,15,47,54,-7,49,1.29,2022-2023,463.0,141.0,30.5,12.18,3.71,0.09,0.3,1.42,161.0,109.0,67.7,9.0,23.7,2.0,1.0,0.0,28.7,52.6,31.0,5.0,121.0,13.0
Celta Vigo,38,11,10,17,43,53,-10,43,1.13,2022-2023,470.0,160.0,34.0,12.37,4.21,0.08,0.24,1.39,134.0,80.0,64.2,10.0,26.3,5.0,2.0,1.0,26.7,50.2,31.0,3.0,85.0,6.0
Cadiz,38,10,12,16,30,53,-23,42,1.11,2022-2023,390.0,108.0,27.7,10.26,2.84,0.06,0.23,1.39,202.0,148.0,78.2,13.0,34.2,9.0,1.0,0.0,29.1,41.9,20.0,5.0,116.0,7.0
Getafe,38,10,12,16,34,45,-11,42,1.11,2022-2023,365.0,116.0,31.8,9.61,3.05,0.08,0.25,1.18,166.0,119.0,75.3,13.0,34.2,4.0,4.0,0.0,27.4,39.9,21.0,8.0,126.0,9.0
Valencia,38,11,9,18,42,45,-3,42,1.11,2022-2023,480.0,140.0,29.2,12.63,3.68,0.07,0.25,1.18,148.0,105.0,70.9,7.0,18.4,2.0,0.0,3.0,24.2,52.0,23.0,8.0,93.0,8.0
Almeria,38,11,8,19,49,65,-16,41,1.08,2022-2023,439.0,155.0,35.3,11.55,4.08,0.11,0.3,1.71,203.0,138.0,70.0,4.0,10.5,4.0,1.0,1.0,26.4,45.1,33.0,3.0,98.0,4.0
Valladolid,38,11,7,20,33,63,-30,40,1.05,2022-2023,443.0,137.0,30.9,11.66,3.61,0.07,0.21,1.66,199.0,134.0,71.4,9.0,23.7,6.0,3.0,1.0,27.4,48.7,24.0,4.0,94.0,6.0
Espanyol,38,8,13,17,52,69,-17,37,0.97,2022-2023,417.0,151.0,36.2,10.97,3.97,0.11,0.3,1.82,183.0,115.0,65.0,6.0,15.8,5.0,1.0,0.0,27.6,43.1,31.0,5.0,99.0,10.0
Elche,38,5,10,23,30,67,-37,25,0.66,2022-2023,400.0,124.0,31.0,10.53,3.26,0.07,0.21,1.76,208.0,140.0,71.2,4.0,10.5,7.0,3.0,0.0,28.3,45.5,21.0,5.0,99.0,12.0
Real Madrid,38,29,8,1,87,26,61,95,2.5,2023-2024,593.0,242.0,40.8,15.61,6.37,0.14,0.34,0.68,118.0,93.0,78.8,21.0,55.3,1.0,0.0,0.0,27.4,59.2,66.0,5.0,69.0,4.0
Barcelona,38,26,7,5,79,44,35,85,2.24,2023-2024,588.0,219.0,37.2,15.47,5.76,0.12,0.32,1.16,141.0,97.0,70.2,17.0,44.7,2.0,0.0,0.0,26.0,64.3,55.0,7.0,87.0,2.0
Girona,38,25,6,7,85,46,39,81,2.13,2023-2024,476.0,178.0,37.4,12.53,4.68,0.16,0.43,1.21,168.0,121.0,75.6,12.0,31.6,5.0,1.0,1.0,26.1,56.9,64.0,8.0,75.0,1.0
Atletico Madrid,38,24,4,10,70,43,27,76,2.0,2023-2024,475.0,197.0,41.5,12.5,5.18,0.13,0.32,1.13,144.0,101.0,70.8,13.0,34.2,1.0,0.0,1.0,29.2,50.8,48.0,6.0,89.0,5.0
Athletic Club,38,19,11,8,61,37,24,68,1.79,2023-2024,458.0,163.0,35.6,12.05,4.29,0.12,0.34,0.97,134.0,98.0,73.1,18.0,47.4,1.0,3.0,1.0,27.3,49.8,41.0,5.0,80.0,5.0
Real Sociedad,38,16,12,10,51,39,12,60,1.58,2023-2024,457.0,147.0,32.2,12.03,3.87,0.1,0.3,1.03,135.0,96.0,75.6,15.0,39.5,6.0,1.0,0.0,25.8,55.3,36.0,4.0,98.0,2.0
Real Betis,38,14,15,9,48,45,3,57,1.5,2023-2024,489.0,150.0,30.7,12.87,3.95,0.09,0.29,1.18,158.0,115.0,75.9,13.0,34.2,7.0,1.0,0.0,27.8,50.4,31.0,3.0,87.0,3.0
Villarreal,38,14,11,13,65,65,0,53,1.39,2023-2024,462.0,163.0,35.3,12.16,4.29,0.13,0.36,1.71,214.0,150.0,72.4,6.0,15.8,6.0,0.0,0.0,27.9,49.6,47.0,7.0,110.0,8.0
Valencia,38,13,10,15,40,45,-5,49,1.29,2023-2024,368.0,123.0,33.4,9.68,3.24,0.08,0.25,1.18,160.0,114.0,73.8,13.0,34.2,3.0,3.0,0.0,23.8,44.3,24.0,9.0,64.0,5.0
Alaves,38,12,10,16,36,46,-10,46,1.21,2023-2024,458.0,136.0,29.7,12.05,3.58,0.07,0.22,1.21,147.0,103.0,74.1,11.0,28.9,8.0,0.0,0.0,25.6,41.8,28.0,7.0,84.0,1.0
Osasuna,38,12,9,17,45,56,-11,45,1.18,2023-2024,421.0,124.0,29.5,11.08,3.26,0.1,0.33,1.47,152.0,95.0,63.8,10.0,26.3,1.0,1.0,0.0,27.7,47.5,32.0,5.0,78.0,5.0
Getafe,38,10,13,15,42,54,-12,43,1.13,2023-2024,446.0,150.0,33.6,11.74,3.95,0.08,0.24,1.42,173.0,118.0,71.7,10.0,26.3,5.0,1.0,1.0,27.3,44.8,27.0,7.0,135.0,10.0
Celta Vigo,38,10,11,17,46,57,-11,41,1.08,2023-2024,467.0,151.0,32.3,12.29,3.97,0.09,0.28,1.5,164.0,109.0,68.9,6.0,15.8,6.0,1.0,1.0,26.7,46.1,35.0,5.0,66.0,5.0
Sevilla,38,10,11,17,48,54,-6,41,1.08,2023-2024,487.0,160.0,32.9,12.82,4.21,0.09,0.28,1.42,175.0,123.0,72.0,8.0,21.1,5.0,0.0,0.0,28.6,50.3,30.0,2.0,108.0,4.0
Mallorca,38,8,16,14,33,44,-11,40,1.05,2023-2024,415.0,131.0,31.6,10.92,3.45,0.08,0.24,1.16,148.0,104.0,73.0,10.0,26.3,4.0,1.0,0.0,28.7,45.0,27.0,3.0,105.0,4.0
Las Palmas,38,10,10,18,33,47,-14,40,1.05,2023-2024,386.0,120.0,31.1,10.16,3.16,0.08,0.25,1.24,156.0,109.0,73.1,8.0,21.1,5.0,3.0,1.0,25.6,59.2,23.0,5.0,84.0,5.0
Rayo Vallecano,38,8,14,16,29,48,-19,38,1.0,2023-2024,487.0,160.0,32.9,12.82,4.21,0.05,0.14,1.26,151.0,104.0,68.9,13.0,34.2,1.0,1.0,0.0,29.4,49.4,12.0,6.0,108.0,5.0
Cadiz,38,6,15,17,26,55,-29,33,0.87,2023-2024,395.0,120.0,30.4,10.39,3.16,0.06,0.18,1.45,175.0,121.0,69.7,10.0,26.3,2.0,0.0,0.0,28.5,43.3,17.0,3.0,107.0,7.0
Almeria,38,3,12,23,43,75,-32,21,0.55,2023-2024,478.0,163.0,34.1,12.58,4.29,0.08,0.25,1.97,202.0,126.0,65.8,6.0,15.8,6.0,1.0,2.0,25.6,46.4,25.0,2.0,93.0,6.0
Granada,38,4,9,25,38,79,-41,21,0.55,2023-2024,394.0,123.0,31.2,10.37,3.24,0.08,0.24,2.08,203.0,126.0,63.5,3.0,7.9,5.0,0.0,1.0,26.7,45.6,27.0,8.0,98.0,4.0
Barcelona,38,28,4,6,102,39,63,88,2.32,2024-2025,670.0,240.0,35.8,17.63,6.32,0.14,0.38,1.03,108.0,69.0,67.6,13.0,34.2,4.0,0.0,0.0,24.7,68.3,72.0,8.0,63.0,3.0
Real Madrid,38,26,6,6,78,38,40,84,2.21,2024-2025,621.0,229.0,36.9,16.34,6.03,0.11,0.3,1.0,126.0,89.0,72.2,15.0,39.5,3.0,0.0,0.0,26.6,60.4,55.0,14.0,57.0,4.0
Atletico Madrid,38,22,10,6,68,30,38,76,2.0,2024-2025,463.0,174.0,37.6,12.18,4.58,0.13,0.36,0.79,116.0,88.0,78.4,17.0,44.7,5.0,0.0,0.0,28.4,52.6,51.0,7.0,75.0,3.0
Athletic Club,38,19,13,6,54,29,25,70,1.84,2024-2025,462.0,148.0,32.0,12.16,3.89,0.11,0.34,0.76,113.0,83.0,77.0,15.0,39.5,3.0,2.0,0.0,26.9,48.4,40.0,6.0,64.0,3.0
Villarreal,38,20,10,8,71,51,20,70,1.84,2024-2025,530.0,171.0,32.3,13.95,4.5,0.12,0.37,1.34,160.0,110.0,72.5,7.0,18.4,7.0,0.0,1.0,26.7,47.6,51.0,7.0,96.0,4.0
Real Betis,38,16,12,10,57,50,7,60,1.58,2024-2025,518.0,176.0,34.0,13.63,4.63,0.09,0.27,1.32,141.0,92.0,67.4,7.0,18.4,4.0,0.0,0.0,27.5,52.4,37.0,10.0,75.0,4.0
Celta Vigo,38,16,7,15,59,57,2,55,1.45,2024-2025,442.0,167.0,37.8,11.63,4.39,0.11,0.3,1.5,145.0,89.0,62.8,8.0,21.1,3.0,1.0,0.0,26.8,53.6,40.0,9.0,84.0,6.0
Rayo Vallecano,38,13,13,12,41,45,-4,52,1.37,2024-2025,514.0,162.0,31.5,13.53,4.26,0.07,0.23,1.18,153.0,107.0,74.5,10.0,26.3,6.0,2.0,0.0,29.3,51.7,27.0,1.0,96.0,3.0
Osasuna,38,12,16,10,48,52,-4,52,1.37,2024-2025,409.0,123.0,30.1,10.76,3.24,0.09,0.3,1.37,187.0,136.0,75.9,9.0,23.7,7.0,0.0,0.0,27.4,46.1,28.0,9.0,88.0,0.0
Mallorca,38,13,9,16,35,44,-9,48,1.26,2024-2025,382.0,107.0,28.0,10.05,2.82,0.08,0.28,1.16,165.0,122.0,75.2,9.0,23.7,3.0,0.0,0.0,28.7,46.8,24.0,5.0,81.0,6.0
Real Sociedad,38,13,7,18,35,46,-11,46,1.21,2024-2025,387.0,123.0,31.8,10.18,3.24,0.08,0.24,1.21,142.0,94.0,71.1,13.0,34.2,5.0,2.0,0.0,25.1,53.8,22.0,4.0,85.0,4.0
Valencia,38,11,13,14,44,54,-10,46,1.21,2024-2025,383.0,116.0,30.3,10.08,3.05,0.1,0.33,1.42,148.0,95.0,67.6,8.0,21.1,6.0,2.0,1.0,24.6,48.4,26.0,5.0,86.0,1.0
Getafe,38,11,9,18,34,39,-5,42,1.11,2024-2025,430.0,122.0,28.4,11.32,3.21,0.07,0.24,1.03,126.0,86.0,75.4,9.0,23.7,8.0,1.0,0.0,27.7,41.8,21.0,5.0,110.0,7.0
Espanyol,38,11,9,18,40,51,-11,42,1.11,2024-2025,351.0,98.0,27.9,9.24,2.58,0.09,0.34,1.34,193.0,141.0,75.6,8.0,21.1,4.0,2.0,0.0,25.2,39.8,27.0,5.0,88.0,1.0
Alaves,38,10,12,16,38,48,-10,42,1.11,2024-2025,393.0,123.0,31.3,10.34,3.24,0.07,0.24,1.26,132.0,86.0,72.0,9.0,23.7,11.0,0.0,0.0,26.6,45.3,20.0,11.0,107.0,5.0
Girona,38,11,8,19,44,60,-16,41,1.08,2024-2025,397.0,134.0,33.8,10.45,3.53,0.1,0.29,1.58,164.0,102.0,65.2,8.0,21.1,3.0,3.0,0.0,27.5,56.3,31.0,5.0,76.0,2.0
Sevilla,38,10,11,17,42,55,-13,41,1.08,2024-2025,472.0,148.0,31.4,12.42,3.89,0.08,0.25,1.45,148.0,93.0,66.2,10.0,26.3,5.0,1.0,0.0,26.1,50.5,32.0,3.0,98.0,8.0
Leganes,38,9,13,16,39,56,-17,40,1.05,2024-2025,345.0,110.0,31.9,9.08,2.89,0.1,0.3,1.47,175.0,122.0,72.0,11.0,28.9,7.0,0.0,1.0,27.8,42.6,27.0,7.0,82.0,6.0
Las Palmas,38,8,8,22,40,61,-21,32,0.84,2024-2025,409.0,134.0,32.8,10.76,3.53,0.09,0.26,1.61,182.0,120.0,69.2,4.0,10.5,5.0,4.0,1.0,26.7,50.7,27.0,4.0,110.0,4.0
Valladolid,38,4,4,30,26,90,-64,16,0.42,2024-2025,331.0,97.0,29.3,8.71,2.55,0.06,0.22,2.37,204.0,115.0,59.3,5.0,13.2,7.0,0.0,0.0,25.6,42.8,15.0,5.0,91.0,5.0
